iPad Air 5 2022 Wifi - Hàng Chính Hãng,Apple,15490000,16990000,
iPad Pro 2021 12.9-inch M1 WiFi - Hàng Chính Hãng,Apple,25790000,29990000,
iPhone 13 Pro - Hàng Chính Hãng VN/A,Apple,24590000,30990000,
Củ Sạc Nhanh Apple USB-C 20W (Sạc Nhanh AirPods/iPhone/iPad/Apple Watch) - Hàng Chính Hãng,Apple,450000,890000,
iPad Gen 9 10.2-inch (2021) Wifi - Hàng Chính Hãng,Apple,8740000,9990000,
Apple iPad mini 6 (2021) Wifi + Cellular(5G) - Hàng Chính Hãng,Apple,15590000,19990000,
iPad Pro 2021 11-inch M1 WiFi - Hàng Chính Hãng,Apple,19590000,21990000,
Bút cảm ứng Apple Pencil Gen 2 - Hàng Chính Hãng,Apple,3150000,3990000,
iPad Pro 2021 12.9-inch M1 WiFi + Cellular(5G) - Hàng Chính Hãng,Apple,26900000,33990000,
Chuột Bluetooth Apple Magic Mouse 2021(MK2E3) - Hàng Chính Hãng,Apple,1790000,2490000,
iPad Air 4 2020 10.9-inch WiFi - Hàng Chính Hãng,Apple,18190000,21490000,
Apple iPad Gen 9 10.2-inch (2021) Wifi + Cellular(4G) - Hàng Chính Hãng,Apple,11490000,13990000,
iPad mini 6 (2021) Wifi - Hàng Chính Hãng,Apple,13280000,14990000,
Apple Watch Series 7 41mm GPS - Hàng Chính Hãng,Apple,9831000,13000000,
MacBook Pro 2021 16 inches M1 Pro/M1 Max - Hàng Chính Hãng,Apple,56090000,65990000,
Tai Nghe Apple EarPods Cổng Lightning (MMTN2) - Hàng Chính Hãng,Apple,530000,890000,
iPad Air 4 2020 10.9-inch WiFi + Cellular(4G) - Hàng Chính Hãng,Apple,15499000,20990000,
Apple Watch Series 7 41mm LTE Bản Viền Nhôm - Hàng Chính Hãng,Apple,12590000,15000000,
iPhone 11 - Hàng Chính Hãng,Apple,10990000,16990000,
Bút cảm ứng Apple Pencil Gen 1 - Hàng Chính Hãng,Apple,2290000,3000000,
MacBook Air 2020 13.3 inches M1- Hàng Chính Hãng,Apple,22490000,28990000,
iPhone 13 - Hàng Chính Hãng VN/A,Apple,18990000,24990000,
Apple Watch Series 3 GPS - Hàng Chính Hãng,Apple,4890000,5990000,
iPhone SE 2022 - Hàng Chính Hãng,Apple,11771000,12990000,
iPhone 13 mini - Hàng Chính Hãng,Apple,23990000,30990000,
Pin sạc dự phòng Apple MagSafe Battery Pack (MJWY3VN/A) - Hàng Chính Hãng,Apple,2090000,3990000,
Đế Sạc Không Dây Apple MagSafe Charger (MHXH3VN/A) - Hàng Chính Hãng,Apple,990000,1990000,
Đế Sạc Không Dây Apple MagSafe Duo Charger (MHXF3VN/A) - Hàng Chính Hãng,Apple,2790000,4990000,
iPhone 13 Pro Max - Hàng Chính Hãng VN/A,Apple,27490000,33990000,
Tai Nghe Bluetooth Apple AirPods 3rd generation (MME73) - Hàng Chính Hãng,Apple,4490000,5490000,
iPad Air 5 2022 Wifi - Hàng Chính Hãng,Apple,15490000,16990000,
iPad Air 5 2022 Wifi - Hàng Chính Hãng,Apple,15490000,16990000,
iPad Pro 2021 12.9-inch M1 WiFi - Hàng Chính Hãng,Apple,25790000,29990000,
iPhone 13 Pro - Hàng Chính Hãng VN/A,Apple,24590000,30990000,
Củ Sạc Nhanh Apple USB-C 20W (Sạc Nhanh AirPods/iPhone/iPad/Apple Watch) - Hàng Chính Hãng,Apple,450000,890000,
iPad Air 5 2022 Wifi - Hàng Chính Hãng,Apple,15490000,16990000,
iPad Pro 2021 12.9-inch M1 WiFi - Hàng Chính Hãng,Apple,25790000,29990000,
iPhone 13 Pro - Hàng Chính Hãng VN/A,Apple,24590000,30990000,
Củ Sạc Nhanh Apple USB-C 20W (Sạc Nhanh AirPods/iPhone/iPad/Apple Watch) - Hàng Chính Hãng,Apple,450000,890000,
iPad Gen 9 10.2-inch (2021) Wifi - Hàng Chính Hãng,Apple,8740000,9990000,
Apple iPad mini 6 (2021) Wifi + Cellular(5G) - Hàng Chính Hãng,Apple,15590000,19990000,
iPad Pro 2021 11-inch M1 WiFi - Hàng Chính Hãng,Apple,19590000,21990000,
Bút cảm ứng Apple Pencil Gen 2 - Hàng Chính Hãng,Apple,3150000,3990000,
iPad Pro 2021 12.9-inch M1 WiFi + Cellular(5G) - Hàng Chính Hãng,Apple,26900000,33990000,
Chuột Bluetooth Apple Magic Mouse 2021(MK2E3) - Hàng Chính Hãng,Apple,1790000,2490000,
iPad Air 4 2020 10.9-inch WiFi - Hàng Chính Hãng,Apple,18190000,21490000,
Apple iPad Gen 9 10.2-inch (2021) Wifi + Cellular(4G) - Hàng Chính Hãng,Apple,11490000,13990000,
iPad mini 6 (2021) Wifi - Hàng Chính Hãng,Apple,13280000,14990000,
Apple Watch Series 7 41mm GPS - Hàng Chính Hãng,Apple,9831000,13000000,
MacBook Pro 2021 16 inches M1 Pro/M1 Max - Hàng Chính Hãng,Apple,56090000,65990000,
Tai Nghe Apple EarPods Cổng Lightning (MMTN2) - Hàng Chính Hãng,Apple,530000,890000,
iPad Air 4 2020 10.9-inch WiFi + Cellular(4G) - Hàng Chính Hãng,Apple,15499000,20990000,
Apple Watch Series 7 41mm LTE Bản Viền Nhôm - Hàng Chính Hãng,Apple,12590000,15000000,
iPhone 11 - Hàng Chính Hãng,Apple,10990000,16990000,
Bút cảm ứng Apple Pencil Gen 1 - Hàng Chính Hãng,Apple,2290000,3000000,
MacBook Air 2020 13.3 inches M1- Hàng Chính Hãng,Apple,22490000,28990000,
iPad Air 5 2022 Wifi - Hàng Chính Hãng,Apple,15490000,16990000,
iPad Pro 2021 12.9-inch M1 WiFi - Hàng Chính Hãng,Apple,25790000,29990000,
iPhone 13 Pro - Hàng Chính Hãng VN/A,Apple,24590000,30990000,
Củ Sạc Nhanh Apple USB-C 20W (Sạc Nhanh AirPods/iPhone/iPad/Apple Watch) - Hàng Chính Hãng,Apple,450000,890000,
iPad Air 5 2022 Wifi - Hàng Chính Hãng,Apple,15490000,16990000,
iPad Pro 2021 12.9-inch M1 WiFi - Hàng Chính Hãng,Apple,25790000,29990000,
iPhone 13 Pro - Hàng Chính Hãng VN/A,Apple,24590000,30990000,
Củ Sạc Nhanh Apple USB-C 20W (Sạc Nhanh AirPods/iPhone/iPad/Apple Watch) - Hàng Chính Hãng,Apple,450000,890000,
iPad Gen 9 10.2-inch (2021) Wifi - Hàng Chính Hãng,Apple,8740000,9990000,
Apple iPad mini 6 (2021) Wifi + Cellular(5G) - Hàng Chính Hãng,Apple,15590000,19990000,
iPad Pro 2021 11-inch M1 WiFi - Hàng Chính Hãng,Apple,19590000,21990000,
Bút cảm ứng Apple Pencil Gen 2 - Hàng Chính Hãng,Apple,3150000,3990000,
iPad Pro 2021 12.9-inch M1 WiFi + Cellular(5G) - Hàng Chính Hãng,Apple,26900000,33990000,
Chuột Bluetooth Apple Magic Mouse 2021(MK2E3) - Hàng Chính Hãng,Apple,1790000,2490000,
iPad Air 4 2020 10.9-inch WiFi - Hàng Chính Hãng,Apple,18190000,21490000,
