[Mã ELAP500K giảm 8% đơn 500K] Apple Watch Series 7 41mm GPS Sport Band,Apple,10590000.0,11990000.0,10
[Mã ELAP1TR giảm 5% đơn 3TR] Apple iPad Air 5 10.9 inch Wi-Fi + Cellular 64GB,Apple,17990000.0,20990000.0,3
[Mã ELAP500K giảm 8% đơn 500K] Dây Apple Watch 44mm Ginger Sport Band – MGQQ3FE/A – Chính hãng,Apple,700000.0,1290000.0,1
[Mã ELAP500K giảm 8% đơn 500K] Dây Apple Watch 44mm Capri Blue Sport Band - MJK53FE/A - Chính hãng,Apple,700000.0,1290000.0,1
[Mã ELAP500K giảm 8% đơn 500K] Dây Apple Watch 44mm Cantaloupe Sport Band - MJK63FE/A - Chính hãng,Apple,700000.0,1290000.0,1
[Mã ELAP500K giảm 8% đơn 500K] Apple AirPods with Charging Case 2nd gen,Apple,2690000.0,4390000.0,1537
[Mã ELAP1TR giảm 5% đơn 3TR] Apple iPhone 11 64GB,Apple,10999000.0,21990000.0,961
[Mã ELAP500K giảm 8% đơn 500K] Apple AirPods Pro,Apple,4590000.0,7390000.0,732
[Mã ELAP500K giảm 8% đơn 500K] Apple AirPods 3rd gen,Apple,4390000.0,4990000.0,267
[Mã ELAP1TR giảm 5% đơn 3TR] Apple iPhone 12 64GB,Apple,15790000.0,24990000.0,222
"[Mã ELAP1TR giảm 5% đơn 3TR] Apple MacBook Air (2020) M1 Chip, 13.3-inch, 8GB, 256GB SSD",Apple,22600000.0,28990000.0,201
[Mã ELAP800K giảm 5% đơn 3TR] Apple iPhone 13 Pro Max 128GB,Apple,26390000.0,33990000.0,192
[Mã ELAP1TR giảm 5% đơn 3TR] Apple iPhone 13 128GB,Apple,18790000.0,24990000.0,146
[Mã ELAP1TR giảm 5% đơn 3TR] Apple iPhone 13 Pro Max 256GB,Apple,29390000.0,37990000.0,102
[Mã ELAP1TR giảm 5% đơn 3TR] Apple iPhone 13 Pro Max - Alpine Green,Apple,29390000.0,37990000.0,66
"Apple M1 Pro chip 14-inch with 8‑core CPU and 14‑core GPU, 16GB, 512GB SSD",Apple,47900000.0,54990000.0,48
[Mã ELAP1TR giảm 5% đơn 3TR] Apple iPhone 13 512GB,Apple,25990000.0,33990000.0,0
[Mã ELAP500K giảm 8% đơn 500K] Apple Pencil (2nd Generation),Apple,3090000.0,3890000.0,24
[Mã ELAP1TR giảm 5% đơn 3TR] Apple iPhone 13 Pro 128GB,Apple,23990000.0,30990000.0,23
[Mã ELAP1TR giảm 5% đơn 3TR] Apple iPad Gen 9th Wi-Fi + Cellular 4G 64GB,Apple,11790000.0,14990000.0,19
